case,gap_cm,M_uH,k,Vout_V,Iout_A,Pout_W,I1_A,I2_A,Pin_W,eff_pct
R = 0.81 ohm per coil (repo loss budget),10.0,118.20183586171125,0.4521304682169682,390.0,14.964278175514002,5836.068488450461,16.357951584765285,16.62113404696169,6301.613211301238,92.61229295990628
R = 0.81 ohm per coil (repo loss budget),12.5,99.83434230508054,0.3818734929238997,390.0,17.595898656566227,6862.400476060829,19.49330898074702,19.54412948070545,7509.267132759426,91.38575515742914
R = 0.81 ohm per coil (repo loss budget),15.0,85.45999999999998,0.3268906064963948,390.0,20.400000000000087,7956.000000000034,22.92870302970486,22.658702984607764,8832.42350177812,90.07720246202364
R = 0.81 ohm per coil (repo loss budget),17.5,73.86951868190636,0.2825561872633412,390.0,23.40227523698584,9126.887342424478,26.720336893835576,25.993392341122604,10292.712856288772,88.67329216172601
R = 0.81 ohm per coil (repo loss budget),20.0,64.33012053818626,0.24606730773126484,390.0,26.61990309394709,10381.762206639365,30.921411321782028,29.567278317881655,11910.6044432991,87.16402476517587
R = 0.81 ohm per coil (repo loss budget),25.0,49.62921426256232,0.18983529078198602,390.0,33.737725559183886,13157.712968081716,40.765437711290446,37.473191314791876,15701.334844012183,83.7999641355302
R = 0.10 ohm per coil (assumed low-loss Litz),10.0,118.20183586171125,0.4521304682169682,390.0,14.773874111581076,5761.81090351662,15.82734687082853,16.409648305210787,5838.466811675114,98.68705414227574
R = 0.10 ohm per coil (assumed low-loss Litz),12.5,99.83434230508054,0.3818734929238997,390.0,17.477958563492134,6816.403839761932,18.75523010832333,19.413130973894525,6918.688661147346,98.52161549110015
R = 0.10 ohm per coil (assumed low-loss Litz),15.0,85.45999999999998,0.3268906064963948,390.0,20.400000000000002,7956.000000000001,21.930019002387997,22.658702984607668,8090.0629405477575,98.34286900444461
R = 0.10 ohm per coil (assumed low-loss Litz),17.5,73.86951868190636,0.2825561872633412,390.0,23.57844300681598,9195.592772658232,25.396324557079076,26.18906553583054,9369.064007843288,98.14846781877213
R = 0.10 ohm per coil (assumed low-loss Litz),20.0,64.33012053818626,0.24606730773126484,390.0,27.04664783339847,10548.192655025403,29.194105928734576,30.041272548345997,10770.454227043661,97.93637698714527
R = 0.10 ohm per coil (assumed low-loss Litz),25.0,49.62921426256232,0.18983529078198602,390.0,34.97412168768759,13639.90745819816,37.93609179723486,38.846482130825414,13996.582068846916,97.45170207344671
