case,lateral_mm,M_uH,k,Iout_A,Pout_W,I1_A,I2_A,eff_pct
R = 0.81 ohm per coil (repo loss budget),0,85.45999999999998,0.3268906064963948,20.400000000000087,7956.000000000034,22.92870302970486,22.658702984607764,90.07720246202364
R = 0.81 ohm per coil (repo loss budget),20.0,85.02320946742115,0.3252198514986581,20.499187803003483,7994.683243171358,23.052063620873067,22.76887293401706,90.03087425532541
R = 0.81 ohm per coil (repo loss budget),40.0,83.74455028064133,0.32032888874334986,20.795141253630725,8110.105088915982,23.420905151561698,23.097594568087278,89.8926220949071
R = 0.81 ohm per coil (repo loss budget),60.0,81.71081878930416,0.3125497204698415,21.28376726185249,8300.669232122471,24.032382263547316,23.640321606854506,89.66429816019803
R = 0.81 ohm per coil (repo loss budget),80.0,79.04333568545839,0.30234640699412146,21.96033665118915,8564.531293963768,24.884264284174275,24.391801255945524,89.34800754481729
R = 0.81 ohm per coil (repo loss budget),100.0,75.87477719832705,0.2902264443732736,22.82165803198485,8900.446632474092,25.97762899940451,25.34848877269758,88.94508342402314
R = 0.81 ohm per coil (repo loss budget),120.0,72.33122762852507,0.2766721140664329,23.86793959412879,9308.496441710227,27.31933874322864,26.510615397937325,88.4551993661118
R = 0.10 ohm per coil (assumed low-loss Litz),0,85.45999999999998,0.3268906064963948,20.400000000000002,7956.000000000001,21.930019002387997,22.658702984607668,98.34286900444461
R = 0.10 ohm per coil (assumed low-loss Litz),20.0,85.02320946742115,0.3252198514986581,20.50416410612007,7996.624001386826,22.043402900238046,22.774400217070006,98.33649759679601
R = 0.10 ohm per coil (assumed low-loss Litz),40.0,83.74455028064133,0.32032888874334986,20.81530101478869,8117.96739576759,22.382165440655992,23.119986432808798,98.3174664786959
R = 0.10 ohm per coil (assumed low-loss Litz),60.0,81.71081878930416,0.3125497204698415,21.33010257700458,8318.740005031786,22.94295977733728,23.69178720213536,98.28597857965741
R = 0.10 ohm per coil (assumed low-loss Litz),80.0,79.04333568545839,0.30234640699412146,22.045220379055014,8597.635947831455,23.72255457795464,24.486083372511153,98.242239639339
R = 0.10 ohm per coil (assumed low-loss Litz),100.0,75.87477719832705,0.2902264443732736,22.959555322756948,8954.22657587521,24.7203255112069,25.501654152794984,98.18631813562368
R = 0.10 ohm per coil (assumed low-loss Litz),120.0,72.33122762852507,0.2766721140664329,24.07629947527629,9389.756795357753,25.940496590373012,26.742045038174062,98.11802039984502
