case,f_kHz,Pout_W,I1_A,I2_A,eff_pct,conducting
R = 0.81 ohm per coil (repo loss budget),20.0,0.0,9.172353654833849,0.0,0.0,0
R = 0.81 ohm per coil (repo loss budget),20.25,0.0,9.477614763275103,0.0,0.0,0
R = 0.81 ohm per coil (repo loss budget),20.5,0.0,9.798215487718995,0.0,0.0,0
R = 0.81 ohm per coil (repo loss budget),20.75,0.0,10.135408885007742,0.0,0.0,0
R = 0.81 ohm per coil (repo loss budget),21.0,0.0,10.490586797832622,0.0,0.0,0
R = 0.81 ohm per coil (repo loss budget),21.25,0.0,10.865299646221553,0.0,0.0,0
R = 0.81 ohm per coil (repo loss budget),21.5,0.0,11.26127970270555,0.0,0.0,0
R = 0.81 ohm per coil (repo loss budget),21.75,0.0,11.680468587899215,0.0,0.0,0
R = 0.81 ohm per coil (repo loss budget),22.0,0.0,12.125049906754631,0.0,0.0,0
R = 0.81 ohm per coil (repo loss budget),22.25,0.0,12.597488182330588,0.0,0.0,0
R = 0.81 ohm per coil (repo loss budget),22.5,0.0,13.100575551159581,0.0,0.0,0
R = 0.81 ohm per coil (repo loss budget),22.75,0.0,13.63748808643253,0.0,0.0,0
R = 0.81 ohm per coil (repo loss budget),23.0,0.0,14.211854145959016,0.0,0.0,0
R = 0.81 ohm per coil (repo loss budget),23.25,0.0,14.8278378485468,0.0,0.0,0
R = 0.81 ohm per coil (repo loss budget),23.5,0.0,15.490241732319198,0.0,0.0,0
R = 0.81 ohm per coil (repo loss budget),23.75,0.0,16.204633938159958,0.0,0.0,0
R = 0.81 ohm per coil (repo loss budget),24.0,0.0,16.97750703147652,0.0,0.0,0
R = 0.81 ohm per coil (repo loss budget),24.25,0.0,17.81647803296572,0.0,0.0,0
R = 0.81 ohm per coil (repo loss budget),24.5,0.0,18.730542683821916,0.0,0.0,0
R = 0.81 ohm per coil (repo loss budget),24.75,0.0,19.73040189321697,0.0,0.0,0
R = 0.81 ohm per coil (repo loss budget),25.0,0.0,20.82888543207466,0.0,0.0,0
R = 0.81 ohm per coil (repo loss budget),25.25,0.0,22.04150838856693,0.0,0.0,0
R = 0.81 ohm per coil (repo loss budget),25.5,0.0,23.387211516810737,0.0,0.0,0
R = 0.81 ohm per coil (repo loss budget),25.75,0.0,24.889360386237254,0.0,0.0,0
R = 0.81 ohm per coil (repo loss budget),26.0,4481.579254190022,28.815689397842565,12.763546156695734,84.45474727335778,1
R = 0.81 ohm per coil (repo loss budget),26.25,9795.105181722407,36.83046695269977,27.89647800598787,84.66928565937295,1
R = 0.81 ohm per coil (repo loss budget),26.5,11794.523596333773,38.8383861083839,33.59082541657536,84.34320876184893,1
R = 0.81 ohm per coil (repo loss budget),26.75,11763.17952543547,36.892216172547045,33.50155744362248,85.06812908279025,1
R = 0.81 ohm per coil (repo loss budget),27.0,11226.453523808299,34.34251120408292,31.972960780099843,85.95879316158839,1
R = 0.81 ohm per coil (repo loss budget),27.25,10646.63440716341,32.070706334791055,30.321634843843665,86.75525878617918,1
R = 0.81 ohm per coil (repo loss budget),27.5,10130.068350691592,30.192375794709626,28.850453742093418,87.42089181833533,1
R = 0.81 ohm per coil (repo loss budget),27.75,9692.077283535104,28.662371392858645,27.6030543579041,87.96896885391307,1
R = 0.81 ohm per coil (repo loss budget),28.0,9325.93512486118,27.41518688675257,26.560280800395862,88.42001209995261,1
R = 0.81 ohm per coil (repo loss budget),28.25,9020.935783974563,26.394136966508427,25.69164210310439,88.79228592363116,1
R = 0.81 ohm per coil (repo loss budget),28.5,8767.08354329162,25.55498454116454,24.968670443525212,89.10034028909499,1
R = 0.81 ohm per coil (repo loss budget),28.75,8556.085666115137,24.864128370924966,24.367748091925833,89.35541176694578,1
R = 0.81 ohm per coil (repo loss budget),29.0,8381.325131745862,24.296143474231442,23.870029760892052,89.56612132848856,1
R = 0.81 ohm per coil (repo loss budget),29.25,8237.592963860343,23.83171808389318,23.460680276043927,89.73909494754221,1
R = 0.81 ohm per coil (repo loss budget),29.5,8120.806598446094,23.456103935291214,23.12807248738463,89.87944495722188,1
R = 0.81 ohm per coil (repo loss budget),29.75,8027.772474762081,23.157991755639525,22.86311112790885,89.99112723846633,1
R = 0.81 ohm per coil (repo loss budget),30.0,7956.000000000033,22.92870302970486,22.658702984607757,90.07720246202364,1
R = 0.81 ohm per coil (repo loss budget),30.25,7903.560040323999,22.76160935757997,22.509353880683165,90.14002650280094,1
R = 0.81 ohm per coil (repo loss budget),30.5,7868.978744475258,22.65171463190337,22.410866284974336,90.18138920376008,1
R = 0.81 ohm per coil (repo loss budget),30.75,7851.1585289157965,22.595354505548535,22.360114277497775,90.20261536745868,1
R = 0.81 ohm per coil (repo loss budget),31.0,7849.319751182763,22.589981567760777,22.354877435050874,90.20463782024028,1
R = 0.81 ohm per coil (repo loss budget),31.25,7862.95814622032,22.634014374738452,22.393719609804865,90.18804949736423,1
R = 0.81 ohm per coil (repo loss budget),31.5,7891.814292312541,22.726735150448732,22.475901968224182,90.15313947597876,1
R = 0.81 ohm per coil (repo loss budget),31.75,7935.852185558461,22.86822546013132,22.601321971131068,90.09991651495334,1
R = 0.81 ohm per coil (repo loss budget),32.0,7995.244437509089,23.05933201494674,22.770471216547893,90.02812280237957,1
R = 0.81 ohm per coil (repo loss budget),32.25,8070.361631639363,23.30165623763996,22.984405126909255,89.93724020614702,1
R = 0.81 ohm per coil (repo loss budget),32.5,8161.762852361174,23.597561221686394,23.244715975673213,89.82649141610753,1
R = 0.81 ohm per coil (repo loss budget),32.75,8270.183045494587,23.950187715749518,23.553496889919543,89.6948391498498,1
R = 0.81 ohm per coil (repo loss budget),33.0,8396.510097129685,24.363465478408546,23.91327657090508,89.54098850554576,1
R = 0.81 ohm per coil (repo loss budget),33.25,8541.739184413784,24.84209509691972,24.326889285019714,89.36340147753576,1
R = 0.81 ohm per coil (repo loss budget),33.5,8706.881813610278,25.391452714888377,24.797215804006715,89.16034038571247,1
R = 0.81 ohm per coil (repo loss budget),33.75,8892.787561423289,26.01732501039986,25.326675723919536,88.92997208471199,1
R = 0.81 ohm per coil (repo loss budget),34.0,9099.798876537332,26.725291424964155,25.916244339256654,88.67059458547703,1
R = 0.81 ohm per coil (repo loss budget),34.25,9327.08495533633,27.51938752623817,26.563555519754715,88.38110711874579,1
R = 0.81 ohm per coil (repo loss budget),34.5,9571.351815579308,28.39930790113579,27.259227997787438,88.06196467845183,1
R = 0.81 ohm per coil (repo loss budget),34.75,9824.3262121623,29.35463462330358,27.979699555716593,87.7171014657952,1
R = 0.81 ohm per coil (repo loss budget),35.0,10067.822620497782,30.353023728855142,28.673177785265665,87.35779035991908,1
R = 0.81 ohm per coil (repo loss budget),35.25,10264.160957818562,31.316445980433596,29.232349739745718,87.01027180596765,1
R = 0.81 ohm per coil (repo loss budget),35.5,10338.540650136178,32.07614685164695,29.444183243555592,86.72998383627629,1
R = 0.81 ohm per coil (repo loss budget),35.75,10152.494145056182,32.302681755200986,28.91432244668129,86.62315601108281,1
R = 0.81 ohm per coil (repo loss budget),36.0,9490.845485135185,31.468170738625574,27.02994581705415,86.85584417252727,1
R = 0.81 ohm per coil (repo loss budget),36.25,8152.437019059286,29.084315148257836,23.21815598486484,87.56187720215063,1
R = 0.81 ohm per coil (repo loss budget),36.5,6199.91982164237,25.391435261550605,17.65738332918253,88.54447846264229,1
R = 0.81 ohm per coil (repo loss budget),36.75,4005.437855018702,21.550953250623735,11.407494555074509,88.91755364611764,1
R = 0.81 ohm per coil (repo loss budget),37.0,1876.1849886841794,18.7140529431241,5.343378381444735,85.61420063477743,1
R = 0.81 ohm per coil (repo loss budget),37.25,0.0,17.51290417335007,0.0,0.0,0
R = 0.81 ohm per coil (repo loss budget),37.5,0.0,16.98029249394245,0.0,0.0,0
R = 0.81 ohm per coil (repo loss budget),37.75,0.0,16.48162655759242,0.0,0.0,0
R = 0.81 ohm per coil (repo loss budget),38.0,0.0,16.013734289047193,0.0,0.0,0
R = 0.81 ohm per coil (repo loss budget),38.25,0.0,15.573827125815283,0.0,0.0,0
R = 0.81 ohm per coil (repo loss budget),38.5,0.0,15.159443775126535,0.0,0.0,0
R = 0.81 ohm per coil (repo loss budget),38.75,0.0,14.768403583081925,0.0,0.0,0
R = 0.81 ohm per coil (repo loss budget),39.0,0.0,14.398767653192678,0.0,0.0,0
R = 0.81 ohm per coil (repo loss budget),39.25,0.0,14.048806252828447,0.0,0.0,0
R = 0.81 ohm per coil (repo loss budget),39.5,0.0,13.716971352728288,0.0,0.0,0
R = 0.81 ohm per coil (repo loss budget),39.75,0.0,13.401873380857989,0.0,0.0,0
R = 0.81 ohm per coil (repo loss budget),40.0,0.0,13.102261455079757,0.0,0.0,0
R = 0.10 ohm per coil (assumed low-loss Litz),20.0,0.0,8.78230606551843,0.0,0.0,0
R = 0.10 ohm per coil (assumed low-loss Litz),20.25,0.0,9.074699647140118,0.0,0.0,0
R = 0.10 ohm per coil (assumed low-loss Litz),20.5,0.0,9.381798251051917,0.0,0.0,0
R = 0.10 ohm per coil (assumed low-loss Litz),20.75,0.0,9.704804452556987,0.0,0.0,0
R = 0.10 ohm per coil (assumed low-loss Litz),21.0,0.0,10.045054226324746,0.0,0.0,0
R = 0.10 ohm per coil (assumed low-loss Litz),21.25,0.0,10.404036006930761,0.0,0.0,0
R = 0.10 ohm per coil (assumed low-loss Litz),21.5,0.0,10.783413112524778,0.0,0.0,0
R = 0.10 ohm per coil (assumed low-loss Litz),21.75,0.0,11.185050244944364,0.0,0.0,0
R = 0.10 ohm per coil (assumed low-loss Litz),22.0,0.0,11.611044957899159,0.0,0.0,0
R = 0.10 ohm per coil (assumed low-loss Litz),22.25,0.0,12.063765214918195,0.0,0.0,0
R = 0.10 ohm per coil (assumed low-loss Litz),22.5,0.0,12.545894457830919,0.0,0.0,0
R = 0.10 ohm per coil (assumed low-loss Litz),22.75,0.0,13.060485998434373,0.0,0.0,0
R = 0.10 ohm per coil (assumed low-loss Litz),23.0,0.0,13.611029063823931,0.0,0.0,0
R = 0.10 ohm per coil (assumed low-loss Litz),23.25,0.0,14.201529516269693,0.0,0.0,0
R = 0.10 ohm per coil (assumed low-loss Litz),23.5,0.0,14.836609197871825,0.0,0.0,0
R = 0.10 ohm per coil (assumed low-loss Litz),23.75,0.0,15.521629114083902,0.0,0.0,0
R = 0.10 ohm per coil (assumed low-loss Litz),24.0,0.0,16.262843407905287,0.0,0.0,0
R = 0.10 ohm per coil (assumed low-loss Litz),24.25,0.0,17.06759349409005,0.0,0.0,0
R = 0.10 ohm per coil (assumed low-loss Litz),24.5,0.0,17.94455512904662,0.0,0.0,0
R = 0.10 ohm per coil (assumed low-loss Litz),24.75,0.0,18.90405605794242,0.0,0.0,0
R = 0.10 ohm per coil (assumed low-loss Litz),25.0,0.0,19.958488935443913,0.0,0.0,0
R = 0.10 ohm per coil (assumed low-loss Litz),25.25,0.0,21.122854612333814,0.0,0.0,0
R = 0.10 ohm per coil (assumed low-loss Litz),25.5,0.0,22.415486472431343,0.0,0.0,0
R = 0.10 ohm per coil (assumed low-loss Litz),25.75,0.0,23.859030348460585,0.0,0.0,0
R = 0.10 ohm per coil (assumed low-loss Litz),26.0,8444.10349448243,34.79165191217084,24.048822656204756,97.4934134411195,1
R = 0.10 ohm per coil (assumed low-loss Litz),26.25,23227.005071285705,65.73374208471105,66.1505541895725,95.9422077382436,1
R = 0.10 ohm per coil (assumed low-loss Litz),26.5,17412.303863439043,48.72002079206431,49.59027419801431,96.86046545367498,1
R = 0.10 ohm per coil (assumed low-loss Litz),26.75,14448.440147897183,40.23677750855416,41.14918475390687,97.32495524276841,1
R = 0.10 ohm per coil (assumed low-loss Litz),27.0,12686.566248933696,35.232960183847595,36.131364571284166,97.60105060378457,1
R = 0.10 ohm per coil (assumed low-loss Litz),27.25,11513.494742465256,31.916242889212853,32.790454711458295,97.78493375608436,1
R = 0.10 ohm per coil (assumed low-loss Litz),27.5,10675.093777020687,29.552910245954614,30.402687182798562,97.91639016164962,1
R = 0.10 ohm per coil (assumed low-loss Litz),27.75,10047.352889543648,27.78729530455938,28.61487995295489,98.01483458545833,1
R = 0.10 ohm per coil (assumed low-loss Litz),28.0,9562.259658752937,26.425199981895343,27.233333518021446,98.0909182164704,1
R = 0.10 ohm per coil (assumed low-loss Litz),28.25,9179.230552240942,25.351125122434443,26.142465901264924,98.15099876988305,1
R = 0.10 ohm per coil (assumed low-loss Litz),28.5,8872.478336173144,24.49187017845512,25.268835012156014,98.1991171474195,1
R = 0.10 ohm per coil (assumed low-loss Litz),28.75,8624.812920872679,23.798740887319532,24.563483442918617,98.23796768686395,1
R = 0.10 ohm per coil (assumed low-loss Litz),29.0,8424.343743110974,23.238113673619882,23.99254684708265,98.26941443497915,1
R = 0.10 ohm per coil (assumed low-loss Litz),29.25,8262.60996874962,22.786098823962966,23.531928753086486,98.29478396384854,1
R = 0.10 ohm per coil (assumed low-loss Litz),29.5,8133.464455063315,22.42536168105419,23.164122086870723,98.31504018972342,1
R = 0.10 ohm per coil (assumed low-loss Litz),29.75,8032.379422758752,22.143148497710634,22.87623172448026,98.33089315783484,1
R = 0.10 ohm per coil (assumed low-loss Litz),30.0,7955.999999999999,21.93001900238799,22.658702984607665,98.34286900444461,1
R = 0.10 ohm per coil (assumed low-loss Litz),30.25,7901.849931818112,21.779012073497867,22.504483488437526,98.35135608092439,1
R = 0.10 ohm per coil (assumed low-loss Litz),30.5,7868.134543552253,21.685087813445776,22.40846199915562,98.3566358392088,1
R = 0.10 ohm per coil (assumed low-loss Litz),30.75,7853.608419710219,21.64475330218012,22.367091571094498,98.35890357530522,1
R = 0.10 ohm per coil (assumed low-loss Litz),31.0,7857.488104036833,21.655815987178944,22.378140919363826,98.35828211621698,1
R = 0.10 ohm per coil (assumed low-loss Litz),31.25,7879.397857790386,21.71723071178179,22.440539939319542,98.35483032477923,1
R = 0.10 ohm per coil (assumed low-loss Litz),31.5,7919.341439255236,21.829020413340192,22.554299334562565,98.34854752529456,1
R = 0.10 ohm per coil (assumed low-loss Litz),31.75,7977.696266479616,21.992260195540286,22.720493992405114,98.33937442042833,1
R = 0.10 ohm per coil (assumed low-loss Litz),32.0,8055.22896491905,22.209121990961354,22.94130726358841,98.32719065639209,1
R = 0.10 ohm per coil (assumed low-loss Litz),32.25,8153.133710917102,22.482983892296136,23.220140164588074,98.311808816249,1
R = 0.10 ohm per coil (assumed low-loss Litz),32.5,8273.097414321644,22.818615741840055,23.56179701782803,98.2929642092876,1
R = 0.10 ohm per coil (assumed low-loss Litz),32.75,8417.39914696738,23.222462186287814,23.972768624185996,98.27029929846447,1
R = 0.10 ohm per coil (assumed low-loss Litz),33.0,8589.056029193334,23.703058173010078,24.461647748070067,98.24334085693724,1
R = 0.10 ohm per coil (assumed low-loss Litz),33.25,8792.035177237047,24.271633082358658,25.039732743996563,98.2114667903665,1
R = 0.10 ohm per coil (assumed low-loss Litz),33.5,9031.56328133514,24.942994115084375,25.721909235603512,98.17385769355484,1
R = 0.10 ohm per coil (assumed low-loss Litz),33.75,9314.585583657767,25.736837782279387,26.52795728567242,98.12942505844626,1
R = 0.10 ohm per coil (assumed low-loss Litz),34.0,9650.461471982457,26.67974077146053,27.48453244822149,98.07670252290099,1
R = 0.10 ohm per coil (assumed low-loss Litz),34.25,10052.048652447666,27.808269086078823,28.628253494549696,98.01367645787309,1
R = 0.10 ohm per coil (assumed low-loss Litz),34.5,10537.45136372327,29.174003491100322,30.010681330487,97.93751294944822,1
R = 0.10 ohm per coil (assumed low-loss Litz),34.75,11132.955062253499,30.85200080144267,31.706676985493512,97.84409976191212,1
R = 0.10 ohm per coil (assumed low-loss Litz),35.0,11878.189471146887,32.95573802864936,33.829105985622334,97.72724092301989,1
R = 0.10 ohm per coil (assumed low-loss Litz),35.25,12835.709175247577,35.66499452128952,36.55612390632708,97.57716249251109,1
R = 0.10 ohm per coil (assumed low-loss Litz),35.5,14109.783867077198,39.281009191371766,40.18469102829452,97.37757944522289,1
R = 0.10 ohm per coil (assumed low-loss Litz),35.75,15884.536968912444,44.340339586666246,45.23919120495314,97.09971391165688,1
R = 0.10 ohm per coil (assumed low-loss Litz),36.0,18490.855209969013,51.82629302261618,52.66199046431286,96.69149753945533,1
R = 0.10 ohm per coil (assumed low-loss Litz),36.25,22256.599582991435,62.86036537007461,63.3868375312149,96.09607504978632,1
R = 0.10 ohm per coil (assumed low-loss Litz),36.5,21413.157637657703,62.27843769029161,60.98471328233648,96.1266871521222,1
R = 0.10 ohm per coil (assumed low-loss Litz),36.75,4187.303409280679,21.491936889414458,11.925447996144541,98.15290678383434,1
R = 0.10 ohm per coil (assumed low-loss Litz),37.0,0.0,17.32335907480719,0.0,0.0,0
R = 0.10 ohm per coil (assumed low-loss Litz),37.25,0.0,16.77638422542286,0.0,0.0,0
R = 0.10 ohm per coil (assumed low-loss Litz),37.5,0.0,16.265514999420496,0.0,0.0,0
R = 0.10 ohm per coil (assumed low-loss Litz),37.75,0.0,15.787261047088197,0.0,0.0,0
R = 0.10 ohm per coil (assumed low-loss Litz),38.0,0.0,15.338568269326624,0.0,0.0,0
R = 0.10 ohm per coil (assumed low-loss Litz),38.25,0.0,14.916752718722382,0.0,0.0,0
R = 0.10 ohm per coil (assumed low-loss Litz),38.5,0.0,14.519446165272164,0.0,0.0,0
R = 0.10 ohm per coil (assumed low-loss Litz),38.75,0.0,14.144550993811697,0.0,0.0,0
R = 0.10 ohm per coil (assumed low-loss Litz),39.0,0.0,13.79020261863622,0.0,0.0,0
R = 0.10 ohm per coil (assumed low-loss Litz),39.25,0.0,13.45473799312807,0.0,0.0,0
R = 0.10 ohm per coil (assumed low-loss Litz),39.5,0.0,13.136669091615007,0.0,0.0,0
R = 0.10 ohm per coil (assumed low-loss Litz),39.75,0.0,12.83466047099782,0.0,0.0,0
R = 0.10 ohm per coil (assumed low-loss Litz),40.0,0.0,12.547510198179012,0.0,0.0,0
