topology,gap_cm,k,Pout_W,eff_pct,I1_coil_A,I_source_A,I2_A,input_phase_deg
SS,10.0,0.4521304682169682,5836.068488450462,92.61229295990628,16.357951584765285,16.357951584765285,16.621134046961693,0.10205422482284951
SS,12.5,0.3818734929238997,6862.400476060829,91.38575515742914,19.49330898074702,19.49330898074702,19.54412948070545,0.1185481482628613
SS,15.0,0.3268906064963948,7956.000000000034,90.07720246202364,22.92870302970486,22.92870302970486,22.65870298460776,0.13564500755512116
SS,17.5,0.2825561872633412,9126.887342424478,88.67329216172601,26.720336893835572,26.720336893835572,25.993392341122604,0.15340204632472615
SS,20.0,0.24606730773126484,10381.762206639367,87.16402476517587,30.921411321782028,30.921411321782028,29.56727831788166,0.17180090408354629
SS,25.0,0.18983529078198602,13157.712968081716,83.7999641355302,40.765437711290446,40.765437711290446,37.473191314791876,0.21015574132469872
SP,10.0,0.4521304682169682,1674.74276481394,91.29400766657629,10.627021566090033,10.627021566090033,8.684365774336628,15.43378511719665
SP,12.5,0.3818734929238997,4470.125746001585,80.53755433355238,33.06266700457165,33.06266700457165,14.654178326516412,20.348685029214185
SP,15.0,0.3268906064963948,7956.000000000001,64.9271412269862,68.45892802328443,68.45892802328443,23.79254657884063,-6.5533900813006685e-12
SP,17.5,0.2825561872633412,6353.499507133143,63.88596448392138,63.33283229859707,63.33283229859707,19.4958832319907,-28.6811667295307
SP,20.0,0.24606730773126484,4488.98110400364,65.6431654957363,51.52456054874066,51.52456054874066,14.70085473902292,-42.14193491508765
SP,25.0,0.18983529078198602,2748.997729660114,65.03104237892117,41.1428384757589,41.1428384757589,10.67539472933207,-54.96895115229414
PS,10.0,0.4521304682169682,6805.234469874926,92.48457781937363,16.458306086342763,18.140309406500524,19.38132058741955,-26.20796842586572
PS,12.5,0.3818734929238997,7524.20955668287,91.32417257812378,19.574446303353742,18.766924995065974,21.428962988791312,-13.809868985105286
PS,15.0,0.3268906064963948,7956.000000099951,90.0801400494201,22.928703029719173,19.53737771306681,22.658702984892326,-5.299248318353191e-10
PS,17.5,0.2825561872633412,7887.750717883584,88.62454053647656,26.51501786845209,20.460494165502986,22.464328900597035,15.783052674241187
PS,20.0,0.24606730773126484,6917.670316003832,86.42810409958206,30.26231171766461,21.522909871616307,19.701538088960266,34.63837322504176
PS,25.0,0.18983529078198602,0.0,0.0,nan,nan,0.0,nan
PP,10.0,0.4521304682169682,1810.4299178858676,91.0366811957805,11.46666166675631,6.05594849440741,8.902465926443947,-43.40760248434498
PP,12.5,0.3818734929238997,4244.916081431609,81.27023980530083,31.412658596392742,11.565166422044753,14.100537687660347,-1.7431791385773459
PP,15.0,0.3268906064963948,7955.999999998034,64.96903934053691,68.45892802326759,27.119135149592935,23.792546578835292,-2.266803883834385e-11
PP,17.5,0.2825561872633412,7991.037366515964,58.69309236479214,79.54739453408409,34.557558474078085,23.887597090070955,-29.226850016364565
PP,20.0,0.24606730773126484,5571.92991241085,60.93101197103646,63.83780999695645,29.65538165936121,17.44962429316813,-46.92271821681201
PP,25.0,0.18983529078198602,3262.458760580091,61.4204377908545,48.71028029497997,24.460217576395916,11.789835195052426,-61.25218692279103
