t_s,k,delta_deg,Pout_W,I1_A,eff_pct
0.0,0.3268906064963948,116.88053199627784,7956.000000000002,22.92870302970486,90.07720246202364
0.005,0.3268906064963948,116.88053199627723,7956.000000000011,22.92870302970486,90.07720246202364
0.01,0.3268906064963948,116.8805319962771,7956.000000000005,22.92870302970486,90.07720246202364
0.015000000000000001,0.3268906064963948,116.88053199627701,7956.000000000002,22.928703029704856,90.07720246202365
0.02,0.3268906064963948,116.880531996277,7956.000000000001,22.928703029704856,90.07720246202365
0.025,0.3268906064963948,116.880531996277,7956.0,22.928703029704856,90.07720246202365
0.030000000000000002,0.3268906064963948,116.880531996277,7956.0,22.928703029704856,90.07720246202365
0.035,0.3268906064963948,116.880531996277,7956.0,22.928703029704856,90.07720246202365
0.04,0.3268906064963948,116.880531996277,7956.0,22.928703029704856,90.07720246202365
0.045000000000000005,0.3268906064963948,116.880531996277,7956.0,22.928703029704856,90.07720246202365
0.05,0.3268906064963948,116.880531996277,7956.0,22.928703029704856,90.07720246202365
0.055,0.3268906064963948,116.880531996277,7956.0,22.928703029704856,90.07720246202365
0.060000000000000005,0.3268906064963948,116.880531996277,7956.0,22.928703029704856,90.07720246202365
0.065,0.3268906064963948,116.880531996277,7956.0,22.928703029704856,90.07720246202365
0.07,0.3268906064963948,116.880531996277,7956.0,22.928703029704856,90.07720246202365
0.075,0.3268906064963948,116.880531996277,7956.0,22.928703029704856,90.07720246202365
0.08,0.3268906064963948,116.880531996277,7956.0,22.928703029704856,90.07720246202365
0.085,0.3268906064963948,116.880531996277,7956.0,22.928703029704856,90.07720246202365
0.09000000000000001,0.3268906064963948,116.880531996277,7956.0,22.928703029704856,90.07720246202365
0.095,0.3268906064963948,116.880531996277,7956.0,22.928703029704856,90.07720246202365
0.1,0.3268906064963948,116.880531996277,7956.0,22.928703029704856,90.07720246202365
0.10500000000000001,0.3268906064963948,116.880531996277,7956.0,22.928703029704856,90.07720246202365
0.11,0.3268906064963948,116.880531996277,7956.0,22.928703029704856,90.07720246202365
0.115,0.3268906064963948,116.880531996277,7956.0,22.928703029704856,90.07720246202365
0.12000000000000001,0.3268906064963948,116.880531996277,7956.0,22.928703029704856,90.07720246202365
0.125,0.3268906064963948,116.880531996277,7956.0,22.928703029704856,90.07720246202365
0.13,0.3268906064963948,116.880531996277,7956.0,22.928703029704856,90.07720246202365
0.135,0.3268906064963948,116.880531996277,7956.0,22.928703029704856,90.07720246202365
0.14,0.3268906064963948,116.880531996277,7956.0,22.928703029704856,90.07720246202365
0.14500000000000002,0.3268906064963948,116.880531996277,7956.0,22.928703029704856,90.07720246202365
0.15,0.3268906064963948,116.880531996277,7956.0,22.928703029704856,90.07720246202365
0.155,0.3268906064963948,116.880531996277,7956.0,22.928703029704856,90.07720246202365
0.16,0.3268906064963948,116.880531996277,7956.0,22.928703029704856,90.07720246202365
0.165,0.3268906064963948,116.880531996277,7956.0,22.928703029704856,90.07720246202365
0.17,0.3268906064963948,116.880531996277,7956.0,22.928703029704856,90.07720246202365
0.17500000000000002,0.3268906064963948,116.880531996277,7956.0,22.928703029704856,90.07720246202365
0.18000000000000002,0.3268906064963948,116.880531996277,7956.0,22.928703029704856,90.07720246202365
0.185,0.3268906064963948,116.880531996277,7956.0,22.928703029704856,90.07720246202365
0.19,0.3268906064963948,116.880531996277,7956.0,22.928703029704856,90.07720246202365
0.195,0.3268906064963948,116.880531996277,7956.0,22.928703029704856,90.07720246202365
0.2,0.3268906064963948,116.880531996277,7956.0,22.928703029704856,90.07720246202365
0.20500000000000002,0.3268906064963948,116.880531996277,7956.0,22.928703029704856,90.07720246202365
0.21000000000000002,0.3268906064963948,116.880531996277,7956.0,22.928703029704856,90.07720246202365
0.215,0.3268906064963948,116.880531996277,7956.0,22.928703029704856,90.07720246202365
0.22,0.3268906064963948,116.880531996277,7956.0,22.928703029704856,90.07720246202365
0.225,0.3268906064963948,116.880531996277,7956.0,22.928703029704856,90.07720246202365
0.23,0.3268906064963948,116.880531996277,7956.0,22.928703029704856,90.07720246202365
0.23500000000000001,0.3268906064963948,116.880531996277,7956.0,22.928703029704856,90.07720246202365
0.24000000000000002,0.3268906064963948,116.880531996277,7956.0,22.928703029704856,90.07720246202365
0.24500000000000002,0.3268906064963948,116.880531996277,7956.0,22.928703029704856,90.07720246202365
0.25,0.3268906064963948,116.880531996277,7956.0,22.928703029704856,90.07720246202365
0.255,0.3268906064963948,116.880531996277,7956.0,22.928703029704856,90.07720246202365
0.26,0.3268906064963948,116.880531996277,7956.0,22.928703029704856,90.07720246202365
0.265,0.3268906064963948,116.880531996277,7956.0,22.928703029704856,90.07720246202365
0.27,0.3268906064963948,116.880531996277,7956.0,22.928703029704856,90.07720246202365
0.275,0.3268906064963948,116.880531996277,7956.0,22.928703029704856,90.07720246202365
0.28,0.3268906064963948,116.880531996277,7956.0,22.928703029704856,90.07720246202365
0.28500000000000003,0.3268906064963948,116.880531996277,7956.0,22.928703029704856,90.07720246202365
0.29000000000000004,0.3268906064963948,116.880531996277,7956.0,22.928703029704856,90.07720246202365
0.29500000000000004,0.3268906064963948,116.880531996277,7956.0,22.928703029704856,90.07720246202365
0.3,0.24606730773126484,113.02172571365011,8117.71748044262,30.921411321782017,87.16402476517588
0.305,0.24606730773126484,84.73116095248832,8393.830865011947,30.48377915291472,86.90384658679072
0.31,0.24606730773126484,83.5465298575256,8061.349966967307,30.462561526820608,86.87061821192873
0.315,0.24606730773126484,83.42130557243098,7979.125706182805,30.460396961101054,86.86708975192884
0.32,0.24606730773126484,83.39703959728689,7961.031609967264,30.4599814892198,86.86640951167848
0.325,0.24606730773126484,83.39183114227203,7957.093768332362,30.459892406898216,86.86626353460383
0.33,0.24606730773126484,83.3907005586156,7956.23773997553,30.4598730719639,86.86623184507047
0.335,0.24606730773126484,83.39045485557469,7956.051674284069,30.45986887004937,86.86622495794924
0.34,0.24606730773126484,83.39040145149076,7956.011231717241,30.459867956754476,86.86622346100606
0.34500000000000003,0.24606730773126484,83.39038984382148,7956.002441281033,30.459867758244826,86.86622313563664
0.35000000000000003,0.24606730773126484,83.39038732082605,7956.000530627044,30.459867715097577,86.86622306491564
0.35500000000000004,0.24606730773126484,83.39038677243796,7956.000115334962,30.45986770571927,86.86622304954402
0.36000000000000004,0.24606730773126484,83.39038665324254,7956.0000250687435,30.45986770368083,86.8662230462029
0.365,0.24606730773126484,83.39038662733466,7956.000005448842,30.459867703237766,86.86622304547672
0.37,0.24606730773126484,83.39038662170343,7956.0000011843385,30.45986770314147,86.86622304531883
0.375,0.24606730773126484,83.39038662047948,7956.0000002574225,30.459867703120533,86.86622304528454
0.38,0.24606730773126484,83.39038662021346,7956.000000055951,30.459867703115986,86.86622304527708
0.385,0.24606730773126484,83.39038662015561,7956.000000012162,30.459867703115002,86.86622304527546
0.39,0.24606730773126484,83.39038662014303,7956.000000002643,30.45986770311478,86.86622304527512
0.395,0.24606730773126484,83.3903866201403,7956.000000000574,30.45986770311474,86.86622304527502
0.4,0.24606730773126484,83.3903866201397,7956.000000000125,30.459867703114725,86.86622304527502
0.405,0.24606730773126484,83.39038662013957,7956.000000000027,30.45986770311472,86.86622304527502
0.41000000000000003,0.24606730773126484,83.39038662013955,7956.0000000000055,30.45986770311472,86.86622304527502
0.41500000000000004,0.24606730773126484,83.3903866201395,7956.000000000002,30.459867703114725,86.86622304527502
0.42000000000000004,0.24606730773126484,83.3903866201395,7956.000000000002,30.459867703114725,86.86622304527502
0.42500000000000004,0.24606730773126484,83.3903866201395,7956.000000000002,30.459867703114725,86.86622304527502
0.43,0.24606730773126484,83.3903866201395,7956.000000000002,30.459867703114725,86.86622304527502
0.435,0.24606730773126484,83.3903866201395,7956.000000000002,30.459867703114725,86.86622304527502
0.44,0.24606730773126484,83.3903866201395,7956.000000000002,30.459867703114725,86.86622304527502
0.445,0.24606730773126484,83.3903866201395,7956.000000000002,30.459867703114725,86.86622304527502
0.45,0.24606730773126484,83.3903866201395,7956.000000000002,30.459867703114725,86.86622304527502
0.455,0.24606730773126484,83.3903866201395,7956.000000000002,30.459867703114725,86.86622304527502
0.46,0.24606730773126484,83.3903866201395,7956.000000000002,30.459867703114725,86.86622304527502
0.465,0.24606730773126484,83.3903866201395,7956.000000000002,30.459867703114725,86.86622304527502
0.47000000000000003,0.24606730773126484,83.3903866201395,7956.000000000002,30.459867703114725,86.86622304527502
0.47500000000000003,0.24606730773126484,83.3903866201395,7956.000000000002,30.459867703114725,86.86622304527502
0.48000000000000004,0.24606730773126484,83.3903866201395,7956.000000000002,30.459867703114725,86.86622304527502
0.48500000000000004,0.24606730773126484,83.3903866201395,7956.000000000002,30.459867703114725,86.86622304527502
0.49000000000000005,0.24606730773126484,83.3903866201395,7956.000000000002,30.459867703114725,86.86622304527502
0.49500000000000005,0.24606730773126484,83.3903866201395,7956.000000000002,30.459867703114725,86.86622304527502
0.5,0.24606730773126484,83.3903866201395,7956.000000000002,30.459867703114725,86.86622304527502
0.505,0.24606730773126484,83.3903866201395,7956.000000000002,30.459867703114725,86.86622304527502
0.51,0.24606730773126484,83.3903866201395,7956.000000000002,30.459867703114725,86.86622304527502
0.515,0.24606730773126484,83.3903866201395,7956.000000000002,30.459867703114725,86.86622304527502
0.52,0.24606730773126484,83.3903866201395,7956.000000000002,30.459867703114725,86.86622304527502
0.525,0.24606730773126484,83.3903866201395,7956.000000000002,30.459867703114725,86.86622304527502
0.53,0.24606730773126484,83.3903866201395,7956.000000000002,30.459867703114725,86.86622304527502
0.535,0.24606730773126484,83.3903866201395,7956.000000000002,30.459867703114725,86.86622304527502
0.54,0.24606730773126484,83.3903866201395,7956.000000000002,30.459867703114725,86.86622304527502
0.545,0.24606730773126484,83.3903866201395,7956.000000000002,30.459867703114725,86.86622304527502
0.55,0.24606730773126484,83.3903866201395,7956.000000000002,30.459867703114725,86.86622304527502
0.555,0.24606730773126484,83.3903866201395,7956.000000000002,30.459867703114725,86.86622304527502
0.56,0.24606730773126484,83.3903866201395,7956.000000000002,30.459867703114725,86.86622304527502
0.5650000000000001,0.24606730773126484,83.3903866201395,7956.000000000002,30.459867703114725,86.86622304527502
0.5700000000000001,0.24606730773126484,83.3903866201395,7956.000000000002,30.459867703114725,86.86622304527502
0.5750000000000001,0.24606730773126484,83.3903866201395,7956.000000000002,30.459867703114725,86.86622304527502
0.5800000000000001,0.24606730773126484,83.3903866201395,7956.000000000002,30.459867703114725,86.86622304527502
0.5850000000000001,0.24606730773126484,83.3903866201395,7956.000000000002,30.459867703114725,86.86622304527502
0.5900000000000001,0.24606730773126484,83.3903866201395,7956.000000000002,30.459867703114725,86.86622304527502
0.595,0.24606730773126484,83.3903866201395,7956.000000000002,30.459867703114725,86.86622304527502
0.6,0.24606730773126484,83.3903866201395,7956.000000000002,30.459867703114725,86.86622304527502
0.605,0.24606730773126484,83.3903866201395,7956.000000000002,30.459867703114725,86.86622304527502
0.61,0.24606730773126484,83.3903866201395,7956.000000000002,30.459867703114725,86.86622304527502
0.615,0.24606730773126484,83.3903866201395,7956.000000000002,30.459867703114725,86.86622304527502
0.62,0.24606730773126484,83.3903866201395,7956.000000000002,30.459867703114725,86.86622304527502
0.625,0.24606730773126484,83.3903866201395,7956.000000000002,30.459867703114725,86.86622304527502
0.63,0.24606730773126484,83.3903866201395,7956.000000000002,30.459867703114725,86.86622304527502
0.635,0.24606730773126484,83.3903866201395,7956.000000000002,30.459867703114725,86.86622304527502
0.64,0.24606730773126484,83.3903866201395,7956.000000000002,30.459867703114725,86.86622304527502
0.645,0.24606730773126484,83.3903866201395,7956.000000000002,30.459867703114725,86.86622304527502
0.65,0.24606730773126484,83.3903866201395,7956.000000000002,30.459867703114725,86.86622304527502
0.655,0.24606730773126484,83.3903866201395,7956.000000000002,30.459867703114725,86.86622304527502
0.66,0.24606730773126484,83.3903866201395,7956.000000000002,30.459867703114725,86.86622304527502
0.665,0.24606730773126484,83.3903866201395,7956.000000000002,30.459867703114725,86.86622304527502
0.67,0.24606730773126484,83.3903866201395,7956.000000000002,30.459867703114725,86.86622304527502
0.675,0.24606730773126484,83.3903866201395,7956.000000000002,30.459867703114725,86.86622304527502
0.68,0.24606730773126484,83.3903866201395,7956.000000000002,30.459867703114725,86.86622304527502
0.685,0.24606730773126484,83.3903866201395,7956.000000000002,30.459867703114725,86.86622304527502
0.6900000000000001,0.24606730773126484,83.3903866201395,7956.000000000002,30.459867703114725,86.86622304527502
0.6950000000000001,0.24606730773126484,83.3903866201395,7956.000000000002,30.459867703114725,86.86622304527502
0.7000000000000001,0.24606730773126484,83.3903866201395,7956.000000000002,30.459867703114725,86.86622304527502
0.7050000000000001,0.24606730773126484,83.3903866201395,7956.000000000002,30.459867703114725,86.86622304527502
0.7100000000000001,0.24606730773126484,83.3903866201395,7956.000000000002,30.459867703114725,86.86622304527502
0.7150000000000001,0.24606730773126484,83.3903866201395,7956.000000000002,30.459867703114725,86.86622304527502
0.7200000000000001,0.24606730773126484,83.3903866201395,7956.000000000002,30.459867703114725,86.86622304527502
0.7250000000000001,0.24606730773126484,83.3903866201395,7956.000000000002,30.459867703114725,86.86622304527502
0.73,0.24606730773126484,83.3903866201395,7956.000000000002,30.459867703114725,86.86622304527502
0.735,0.24606730773126484,83.3903866201395,7956.000000000002,30.459867703114725,86.86622304527502
0.74,0.24606730773126484,83.3903866201395,7956.000000000002,30.459867703114725,86.86622304527502
0.745,0.24606730773126484,83.3903866201395,7956.000000000002,30.459867703114725,86.86622304527502
0.75,0.24606730773126484,83.3903866201395,7956.000000000002,30.459867703114725,86.86622304527502
0.755,0.24606730773126484,83.3903866201395,7956.000000000002,30.459867703114725,86.86622304527502
0.76,0.24606730773126484,83.3903866201395,7956.000000000002,30.459867703114725,86.86622304527502
0.765,0.24606730773126484,83.3903866201395,7956.000000000002,30.459867703114725,86.86622304527502
0.77,0.24606730773126484,83.3903866201395,7956.000000000002,30.459867703114725,86.86622304527502
0.775,0.24606730773126484,83.3903866201395,7956.000000000002,30.459867703114725,86.86622304527502
0.78,0.24606730773126484,83.3903866201395,7956.000000000002,30.459867703114725,86.86622304527502
0.785,0.24606730773126484,83.3903866201395,7956.000000000002,30.459867703114725,86.86622304527502
0.79,0.24606730773126484,83.3903866201395,7956.000000000002,30.459867703114725,86.86622304527502
0.795,0.24606730773126484,83.3903866201395,7956.000000000002,30.459867703114725,86.86622304527502
0.8,0.3818734929238997,87.62301209126689,7778.616250541086,19.30117951225908,91.23215623151742
0.805,0.3818734929238997,133.11394200904834,7130.858000621384,19.557530717830204,91.34092736818658
0.81,0.3818734929238997,145.85134650538555,7549.186581675052,19.59917184099518,91.29424810187943
0.8150000000000001,0.3818734929238997,151.53945948613503,7763.420944065199,19.61343738908042,91.27547704804866
0.8200000000000001,0.3818734929238997,154.51131154107193,7858.6582637290185,19.619836469357814,91.2666266561585
0.8250000000000001,0.3818734929238997,156.172215674221,7903.452941938389,19.623098805663606,91.262014663932
0.8300000000000001,0.3818734929238997,157.13311348831596,7926.287930043049,19.62488354222422,91.25946335227677
0.8350000000000001,0.3818734929238997,157.70002920181744,7938.705656538395,19.625901235880164,91.25799966608629
0.8400000000000001,0.3818734929238997,158.03840511470915,7945.757379251176,19.6264961946363,91.25714099842625
0.8450000000000001,0.3818734929238997,158.2417895548006,7949.871081735043,19.626849314343684,91.2566303263847
0.8500000000000001,0.3818734929238997,158.3645555246602,7952.310148122787,19.62706083245407,91.25632406559393
0.8550000000000001,0.3818734929238997,158.4388501759378,7953.770445136049,19.627188241364106,91.25613945463854
0.86,0.3818734929238997,158.48388179201507,7954.64986080248,19.627265247895167,91.25602782633739
0.865,0.3818734929238997,158.5112024507003,7955.181323459901,19.627311887228718,91.25596020038519
0.87,0.3818734929238997,158.52778747952266,7955.503187156273,19.627340170024524,91.2559191844489
0.875,0.3818734929238997,158.53785897836437,7955.6983639398995,19.62735733422972,91.25589429037487
0.88,0.3818734929238997,158.54397634976448,7955.81681030649,19.627367755638232,91.25587917481694
0.885,0.3818734929238997,158.54769248936523,7955.8887253886705,19.62737408487733,91.25586999435077
0.89,0.3818734929238997,158.54995012307975,7955.932401345396,19.627377929475305,91.25586441769852
0.895,0.3818734929238997,158.5513217493009,7955.958931531083,19.62738026505956,91.2558610298508
0.9,0.3818734929238997,158.55215510562482,7955.9750485218065,19.627381684011205,91.25585897159473
0.905,0.3818734929238997,158.55266143530307,7955.984840161972,19.627382546108592,91.2558577210759
0.91,0.3818734929238997,158.55296907381828,7955.990789160161,19.627383069896176,91.25585696129149
0.915,0.3818734929238997,158.55315599170783,7955.994403612457,19.627383388140174,91.25585649965917
0.92,0.3818734929238997,158.5532695614805,7955.996599688616,19.627383581501224,91.25585621917688
0.925,0.3818734929238997,158.553338565707,7955.997933996608,19.627383698985575,91.2558560487584
0.93,0.3818734929238997,158.55338049227038,7955.9987447095,19.627383770368187,91.25585594521333
0.935,0.3818734929238997,158.55340596662708,7955.99923729256,19.62738381373982,91.25585588230001
0.9400000000000001,0.3818734929238997,158.553421444719,7955.999536582911,19.627383840092175,91.25585584407419
0.9450000000000001,0.3818734929238997,158.55343084913343,7955.999718430051,19.627383856103734,91.25585582084838
0.9500000000000001,0.3818734929238997,158.5534365632117,7955.999828919435,19.627383865832275,91.2558558067365
0.9550000000000001,0.3818734929238997,158.55344003505937,7955.999896052243,19.62738387174329,91.25585579816217
0.9600000000000001,0.3818734929238997,158.55344214453822,7955.999936841818,19.627383875334793,91.25585579295247
0.9650000000000001,0.3818734929238997,158.55344342624798,7955.999961625376,19.62738387751698,91.25585578978706
0.9700000000000001,0.3818734929238997,158.55344420500901,7955.999976683753,19.627383878842863,91.2558557878638
0.9750000000000001,0.3818734929238997,158.5534446781807,7955.999985833153,19.627383879648466,91.25585578669521
0.9800000000000001,0.3818734929238997,158.5534449656777,7955.9999913922875,19.62738388013795,91.25585578598519
0.9850000000000001,0.3818734929238997,158.55344514035957,7955.999994769993,19.62738388043535,91.25585578555379
0.9900000000000001,0.3818734929238997,158.55344524649553,7955.999996822271,19.627383880616048,91.25585578529166
0.995,0.3818734929238997,158.5534453109832,7955.999998069226,19.627383880725844,91.2558557851324
1.0,0.3818734929238997,158.55344535016565,7955.99999882687,19.627383880792554,91.25585578503565
1.0050000000000001,0.3818734929238997,158.5534453739728,7955.999999287211,19.627383880833094,91.25585578497683
1.01,0.3818734929238997,158.55344538843786,7955.999999566913,19.62738388085772,91.25585578494112
1.0150000000000001,0.3818734929238997,158.55344539722682,7955.999999736858,19.627383880872685,91.2558557849194
1.02,0.3818734929238997,158.55344540256684,7955.999999840117,19.62738388088177,91.25585578490623
1.0250000000000001,0.3818734929238997,158.55344540581146,7955.999999902856,19.6273838808873,91.2558557848982
1.03,0.3818734929238997,158.5534454077829,7955.999999940976,19.627383880890655,91.25585578489334
1.0350000000000001,0.3818734929238997,158.55344540898068,7955.999999964139,19.627383880892697,91.25585578489039
1.04,0.3818734929238997,158.5534454097085,7955.999999978209,19.627383880893934,91.2558557848886
1.0450000000000002,0.3818734929238997,158.55344541015074,7955.99999998676,19.627383880894687,91.2558557848875
1.05,0.3818734929238997,158.5534454104194,7955.9999999919555,19.62738388089514,91.25585578488682
1.0550000000000002,0.3818734929238997,158.5534454105827,7955.9999999951115,19.627383880895422,91.25585578488642
1.06,0.3818734929238997,158.55344541068183,7955.9999999970305,19.627383880895586,91.25585578488618
1.065,0.3818734929238997,158.5534454107421,7955.999999998196,19.62738388089569,91.25585578488604
1.07,0.3818734929238997,158.55344541077872,7955.999999998904,19.627383880895753,91.25585578488594
1.075,0.3818734929238997,158.55344541080098,7955.999999999333,19.627383880895792,91.25585578488588
1.08,0.3818734929238997,158.55344541081456,7955.999999999594,19.627383880895817,91.25585578488587
1.085,0.3818734929238997,158.55344541082275,7955.999999999754,19.627383880895827,91.25585578488582
1.09,0.3818734929238997,158.55344541082778,7955.99999999985,19.627383880895835,91.25585578488582
1.095,0.3818734929238997,158.55344541083085,7955.999999999908,19.627383880895845,91.25585578488581
1.1,0.3818734929238997,158.55344541083267,7955.999999999944,19.62738388089585,91.25585578488581
1.105,0.3818734929238997,158.55344541083383,7955.999999999966,19.62738388089585,91.25585578488581
1.11,0.3818734929238997,158.55344541083448,7955.999999999979,19.62738388089585,91.25585578488581
1.115,0.3818734929238997,158.55344541083497,7955.999999999986,19.627383880895852,91.2558557848858
1.12,0.3818734929238997,158.55344541083522,7955.999999999992,19.627383880895856,91.2558557848858
1.125,0.3818734929238997,158.55344541083554,7955.999999999993,19.62738388089585,91.25585578488578
1.1300000000000001,0.3818734929238997,158.55344541083565,7955.999999999995,19.627383880895856,91.25585578488581
1.135,0.3818734929238997,158.55344541083576,7955.999999999998,19.627383880895852,91.2558557848858
1.1400000000000001,0.3818734929238997,158.55344541083574,7955.999999999999,19.627383880895852,91.25585578488581
1.145,0.3818734929238997,158.55344541083574,7955.999999999999,19.627383880895852,91.25585578488581
1.1500000000000001,0.3818734929238997,158.55344541083574,7955.999999999999,19.627383880895852,91.25585578488581
1.155,0.3818734929238997,158.55344541083574,7955.999999999999,19.627383880895852,91.25585578488581
1.1600000000000001,0.3818734929238997,158.55344541083574,7955.999999999999,19.627383880895852,91.25585578488581
1.165,0.3818734929238997,158.55344541083574,7955.999999999999,19.627383880895852,91.25585578488581
1.1700000000000002,0.3818734929238997,158.55344541083574,7955.999999999999,19.627383880895852,91.25585578488581
1.175,0.3818734929238997,158.55344541083574,7955.999999999999,19.627383880895852,91.25585578488581
1.1800000000000002,0.3818734929238997,158.55344541083574,7955.999999999999,19.627383880895852,91.25585578488581
1.185,0.3818734929238997,158.55344541083574,7955.999999999999,19.627383880895852,91.25585578488581
1.19,0.3818734929238997,158.55344541083574,7955.999999999999,19.627383880895852,91.25585578488581
1.195,0.3818734929238997,158.55344541083574,7955.999999999999,19.627383880895852,91.25585578488581
1.2,0.3818734929238997,158.55344541083574,7955.999999999999,19.627383880895852,91.25585578488581
1.205,0.3818734929238997,158.55344541083574,7955.999999999999,19.627383880895852,91.25585578488581
1.21,0.3818734929238997,158.55344541083574,7955.999999999999,19.627383880895852,91.25585578488581
1.215,0.3818734929238997,158.55344541083574,7955.999999999999,19.627383880895852,91.25585578488581
1.22,0.3818734929238997,158.55344541083574,7955.999999999999,19.627383880895852,91.25585578488581
1.225,0.3818734929238997,158.55344541083574,7955.999999999999,19.627383880895852,91.25585578488581
1.23,0.3818734929238997,158.55344541083574,7955.999999999999,19.627383880895852,91.25585578488581
1.235,0.3818734929238997,158.55344541083574,7955.999999999999,19.627383880895852,91.25585578488581
1.24,0.3818734929238997,158.55344541083574,7955.999999999999,19.627383880895852,91.25585578488581
1.245,0.3818734929238997,158.55344541083574,7955.999999999999,19.627383880895852,91.25585578488581
1.25,0.3818734929238997,158.55344541083574,7955.999999999999,19.627383880895852,91.25585578488581
1.2550000000000001,0.3818734929238997,158.55344541083574,7955.999999999999,19.627383880895852,91.25585578488581
1.26,0.3818734929238997,158.55344541083574,7955.999999999999,19.627383880895852,91.25585578488581
1.2650000000000001,0.3818734929238997,158.55344541083574,7955.999999999999,19.627383880895852,91.25585578488581
1.27,0.3818734929238997,158.55344541083574,7955.999999999999,19.627383880895852,91.25585578488581
1.2750000000000001,0.3818734929238997,158.55344541083574,7955.999999999999,19.627383880895852,91.25585578488581
1.28,0.3818734929238997,158.55344541083574,7955.999999999999,19.627383880895852,91.25585578488581
1.2850000000000001,0.3818734929238997,158.55344541083574,7955.999999999999,19.627383880895852,91.25585578488581
1.29,0.3818734929238997,158.55344541083574,7955.999999999999,19.627383880895852,91.25585578488581
1.2950000000000002,0.3818734929238997,158.55344541083574,7955.999999999999,19.627383880895852,91.25585578488581
1.3,0.3268906064963948,156.52255116980064,8041.112098315036,23.111553220940376,89.93709905730736
1.3050000000000002,0.3268906064963948,126.122727072714,8526.233453475492,22.987191553392712,90.05037830393118
1.31,0.3268906064963948,118.87034070421463,8196.205877680102,22.94202669445759,90.07280349585858
1.3150000000000002,0.3268906064963948,117.3456551559548,8030.680140774685,22.931843286047084,90.07626107938768
1.32,0.3268906064963948,116.99692173366846,7977.087050329205,22.929489298568004,90.07697233863452
1.325,0.3268906064963948,116.91071133147354,7961.746949073703,22.92890684289053,90.07714316948653
1.33,0.3268906064963948,116.88848282005654,7957.544873114773,22.92875671181396,90.07718686942509
1.335,0.3268906064963948,116.88264066604472,7956.413042237491,22.928717265184197,90.07719832886137
1.34,0.3268906064963948,116.88109276311071,7956.110195336713,22.928706815189507,90.07720136305696
1.345,0.3268906064963948,116.88068128542392,7956.029373941652,22.928704037464623,90.07720216946866
1.35,0.3268906064963948,116.88057175771868,7956.007827352368,22.928703298107383,90.07720238410639
1.355,0.3268906064963948,116.88054258809557,7956.002085497584,22.92870310120275,90.07720244126783
1.36,0.3268906064963948,116.88053481796126,7956.000555624843,22.92870304875202,90.07720245649428
1.365,0.3268906064963948,116.88053274800025,7956.000148028251,22.928703034779197,90.07720246055054
1.37,0.3268906064963948,116.88053219654533,7956.000039437013,22.92870303105672,90.07720246163119
1.375,0.3268906064963948,116.88053204963128,7956.000010506595,22.928703030065012,90.07720246191909
1.3800000000000001,0.3268906064963948,116.88053201049138,7956.000002799107,22.928703029800804,90.07720246199578
1.385,0.3268906064963948,116.88053200006402,7956.000000745721,22.928703029730414,90.07720246201623
1.3900000000000001,0.3268906064963948,116.880531997286,7956.000000198671,22.928703029711663,90.07720246202167
1.395,0.3268906064963948,116.8805319965459,7956.000000052929,22.92870302970667,90.07720246202312
1.4000000000000001,0.3268906064963948,116.88053199634872,7956.000000014101,22.928703029705336,90.0772024620235
1.405,0.3268906064963948,116.8805319962962,7956.000000003756,22.928703029704987,90.07720246202359
1.4100000000000001,0.3268906064963948,116.88053199628222,7956.000000001,22.92870302970489,90.07720246202364
1.415,0.3268906064963948,116.88053199627852,7956.000000000266,22.928703029704867,90.07720246202364
1.4200000000000002,0.3268906064963948,116.8805319962775,7956.000000000071,22.928703029704856,90.07720246202364
1.425,0.3268906064963948,116.88053199627717,7956.00000000002,22.92870302970486,90.07720246202364
1.4300000000000002,0.3268906064963948,116.88053199627713,7956.0000000000055,22.92870302970486,90.07720246202364
1.435,0.3268906064963948,116.88053199627704,7956.000000000003,22.928703029704856,90.07720246202364
1.4400000000000002,0.3268906064963948,116.880531996277,7956.000000000001,22.928703029704856,90.07720246202365
1.445,0.3268906064963948,116.880531996277,7956.0,22.928703029704856,90.07720246202365
1.4500000000000002,0.3268906064963948,116.880531996277,7956.0,22.928703029704856,90.07720246202365
1.455,0.3268906064963948,116.880531996277,7956.0,22.928703029704856,90.07720246202365
1.46,0.3268906064963948,116.880531996277,7956.0,22.928703029704856,90.07720246202365
1.465,0.3268906064963948,116.880531996277,7956.0,22.928703029704856,90.07720246202365
1.47,0.3268906064963948,116.880531996277,7956.0,22.928703029704856,90.07720246202365
1.475,0.3268906064963948,116.880531996277,7956.0,22.928703029704856,90.07720246202365
1.48,0.3268906064963948,116.880531996277,7956.0,22.928703029704856,90.07720246202365
1.485,0.3268906064963948,116.880531996277,7956.0,22.928703029704856,90.07720246202365
1.49,0.3268906064963948,116.880531996277,7956.0,22.928703029704856,90.07720246202365
1.495,0.3268906064963948,116.880531996277,7956.0,22.928703029704856,90.07720246202365
1.5,0.3268906064963948,116.880531996277,7956.0,22.928703029704856,90.07720246202365
1.5050000000000001,0.3268906064963948,116.880531996277,7956.0,22.928703029704856,90.07720246202365
1.51,0.3268906064963948,116.880531996277,7956.0,22.928703029704856,90.07720246202365
1.5150000000000001,0.3268906064963948,116.880531996277,7956.0,22.928703029704856,90.07720246202365
1.52,0.3268906064963948,116.880531996277,7956.0,22.928703029704856,90.07720246202365
1.5250000000000001,0.3268906064963948,116.880531996277,7956.0,22.928703029704856,90.07720246202365
1.53,0.3268906064963948,116.880531996277,7956.0,22.928703029704856,90.07720246202365
1.5350000000000001,0.3268906064963948,116.880531996277,7956.0,22.928703029704856,90.07720246202365
1.54,0.3268906064963948,116.880531996277,7956.0,22.928703029704856,90.07720246202365
1.5450000000000002,0.3268906064963948,116.880531996277,7956.0,22.928703029704856,90.07720246202365
1.55,0.3268906064963948,116.880531996277,7956.0,22.928703029704856,90.07720246202365
1.5550000000000002,0.3268906064963948,116.880531996277,7956.0,22.928703029704856,90.07720246202365
1.56,0.3268906064963948,116.880531996277,7956.0,22.928703029704856,90.07720246202365
1.5650000000000002,0.3268906064963948,116.880531996277,7956.0,22.928703029704856,90.07720246202365
1.57,0.3268906064963948,116.880531996277,7956.0,22.928703029704856,90.07720246202365
1.5750000000000002,0.3268906064963948,116.880531996277,7956.0,22.928703029704856,90.07720246202365
1.58,0.3268906064963948,116.880531996277,7956.0,22.928703029704856,90.07720246202365
1.5850000000000002,0.3268906064963948,116.880531996277,7956.0,22.928703029704856,90.07720246202365
1.59,0.3268906064963948,116.880531996277,7956.0,22.928703029704856,90.07720246202365
1.595,0.3268906064963948,116.880531996277,7956.0,22.928703029704856,90.07720246202365
1.6,0.3268906064963948,116.880531996277,7956.0,22.928703029704856,90.07720246202365
1.605,0.3268906064963948,116.880531996277,7956.0,22.928703029704856,90.07720246202365
1.61,0.3268906064963948,116.880531996277,7956.0,22.928703029704856,90.07720246202365
1.615,0.3268906064963948,116.880531996277,7956.0,22.928703029704856,90.07720246202365
1.62,0.3268906064963948,116.880531996277,7956.0,22.928703029704856,90.07720246202365
1.625,0.3268906064963948,116.880531996277,7956.0,22.928703029704856,90.07720246202365
1.6300000000000001,0.3268906064963948,116.880531996277,7956.0,22.928703029704856,90.07720246202365
1.635,0.3268906064963948,116.880531996277,7956.0,22.928703029704856,90.07720246202365
1.6400000000000001,0.3268906064963948,116.880531996277,7956.0,22.928703029704856,90.07720246202365
1.645,0.3268906064963948,116.880531996277,7956.0,22.928703029704856,90.07720246202365
1.6500000000000001,0.3268906064963948,116.880531996277,7956.0,22.928703029704856,90.07720246202365
1.655,0.3268906064963948,116.880531996277,7956.0,22.928703029704856,90.07720246202365
1.6600000000000001,0.3268906064963948,116.880531996277,7956.0,22.928703029704856,90.07720246202365
1.665,0.3268906064963948,116.880531996277,7956.0,22.928703029704856,90.07720246202365
1.6700000000000002,0.3268906064963948,116.880531996277,7956.0,22.928703029704856,90.07720246202365
1.675,0.3268906064963948,116.880531996277,7956.0,22.928703029704856,90.07720246202365
1.6800000000000002,0.3268906064963948,116.880531996277,7956.0,22.928703029704856,90.07720246202365
1.685,0.3268906064963948,116.880531996277,7956.0,22.928703029704856,90.07720246202365
1.6900000000000002,0.3268906064963948,116.880531996277,7956.0,22.928703029704856,90.07720246202365
1.695,0.3268906064963948,116.880531996277,7956.0,22.928703029704856,90.07720246202365
1.7000000000000002,0.3268906064963948,116.880531996277,7956.0,22.928703029704856,90.07720246202365
1.705,0.3268906064963948,116.880531996277,7956.0,22.928703029704856,90.07720246202365
1.7100000000000002,0.3268906064963948,116.880531996277,7956.0,22.928703029704856,90.07720246202365
1.715,0.3268906064963948,116.880531996277,7956.0,22.928703029704856,90.07720246202365
1.72,0.3268906064963948,116.880531996277,7956.0,22.928703029704856,90.07720246202365
1.725,0.3268906064963948,116.880531996277,7956.0,22.928703029704856,90.07720246202365
1.73,0.3268906064963948,116.880531996277,7956.0,22.928703029704856,90.07720246202365
1.735,0.3268906064963948,116.880531996277,7956.0,22.928703029704856,90.07720246202365
1.74,0.3268906064963948,116.880531996277,7956.0,22.928703029704856,90.07720246202365
1.745,0.3268906064963948,116.880531996277,7956.0,22.928703029704856,90.07720246202365
1.75,0.3268906064963948,116.880531996277,7956.0,22.928703029704856,90.07720246202365
1.7550000000000001,0.3268906064963948,116.880531996277,7956.0,22.928703029704856,90.07720246202365
1.76,0.3268906064963948,116.880531996277,7956.0,22.928703029704856,90.07720246202365
1.7650000000000001,0.3268906064963948,116.880531996277,7956.0,22.928703029704856,90.07720246202365
1.77,0.3268906064963948,116.880531996277,7956.0,22.928703029704856,90.07720246202365
1.7750000000000001,0.3268906064963948,116.880531996277,7956.0,22.928703029704856,90.07720246202365
1.78,0.3268906064963948,116.880531996277,7956.0,22.928703029704856,90.07720246202365
1.7850000000000001,0.3268906064963948,116.880531996277,7956.0,22.928703029704856,90.07720246202365
1.79,0.3268906064963948,116.880531996277,7956.0,22.928703029704856,90.07720246202365
1.7950000000000002,0.3268906064963948,116.880531996277,7956.0,22.928703029704856,90.07720246202365
